{
    "CA": [
        {
            "time": "",
            "title": "Couscous"
        },
        {
            "time": "",
            "title": "Asida"
        },
        {
            "time": "",
            "title": "Breads, including flatbreads."
        }
        
    ],
    "TX": [
       {
            "time": "",
            "title": "Shakshouka"
        },
        {
            "time": "",
            "title": "Chorba"
        },
        {
            "time": "",
            "title": "Usban"
        }

      
    ],
    "NY": [
       {
            "time": "",
            "title": "Filfel chuma"
        },
        {
            "time": "",
            "title": "Bazeen"
        },
        {
            "time": "",
            "title": "Afttat"
        },
        {
            "time": "",
            "title": "Tajine"
        }
    ]
}